{
	"experiment": [
				{
					"n_episodes": [50000],
					"max_episode_steps": [0],
					"episode_eval_freq": [1],
					"output_dir": ["~/scratch/Chain/Chain19DependentLambdasETD"]
				}
			],
	"learners_common": [
		{
			"algorithm": ["etd"],
			"step_size": [0.5, 0.125, 0.03125, 0.0078125, 0.001953125, 0.00048828125, 0.0001220703125, 3.0517578125e-05, 7.62939453125e-06, 1.9073486328125e-06, 4.76837158203125e-07, 1.1920928955078125e-07],
			"discount_rate": [1.0],
			"trace_decay": [0.4, 0.8, 0.9, 0.95, 0.975, 0.99, 1.0],
			"interest": ["UI"],
			"policy": ["random-chain"]
		}
	],
	"simulator_common": [
		{
			"env": ["Chain"]
		}
	],
	"experiments":
	[
		{
	        "simulator": [
				{
					"num_states": [19]
				}
			],
	        "learner": [
	            {
					"representations": [
						{
							"representations": ["DF"],
							"num_dims": [10]
						}
					]
	            }
	        ]
	    }
	]
}