{
    "experiments": [
        {
            "experiment": [
                {
                    "episode_eval_freq": [
                        1
                    ],
                    "max_episode_steps": [
                        0
                    ],
                    "n_episodes": [
                        50000
                    ],
                    "output_dir": [
                        "~/scratch/Chain/Chain19Random400Runs"
                    ],
                    "problem": [
                        "Chain"
                    ]
                }
            ],
            "learner": [
                {
                    "algorithm": [
                        "TD",
                        "ETD"
                    ],
                    "discount_rate": [
                        1.0
                    ],
                    "interest": [
                        "UI"
                    ],
                    "policy": [
                        "random-chain"
                    ],
                    "representations": [
                        {
                            "num_dims": [
                                17
                            ],
                            "num_ones": [
                                9
                            ],
                            "representations": [
                                "RB"
                            ]
                        }
                    ],
                    "step_size": [
                        0.5,
                        0.125,
                        0.03125,
                        0.0078125,
                        0.001953125,
                        0.00048828125,
                        0.0001220703125,
                        3.0517578125e-05,
                        7.62939453125e-06,
                        1.9073486328125e-06,
                        4.76837158203125e-07,
                        1.1920928955078125e-07
                    ],
                    "trace_decay": [
                        0.0
                    ]
                }
            ],
            "simulator": [
                {
                    "env": [
                        "Chain"
                    ],
                    "num_states": [
                        19
                    ]
                }
            ]
        }
    ]
}
