{
	"experiments":
	[
	    {
			"experiment": [
				{
					"n_episodes": [100000],
					"max_episode_steps": [0],
					"episode_eval_freq": [1],
					"output_dir": ["/Users/saipiens/scratch/Chain/Chain5TabularDependentRandomBinaryRandomNonbinary"]
				}
			],
	        "simulator": [
				{
					"env": ["chain"],
					"N": [5]
				}
			],
	        "learner": [
	            {
	                "algorithm": ["td"],
	                "alpha": [0.5, 0.125, 0.03125, 0.0078125, 0.001953125, 0.00048828125, 0.0001220703125, 3.0517578125e-05, 7.62939453125e-06, 1.9073486328125e-06, 4.76837158203125e-07, 1.1920928955078125e-07],
					"gamma": [1.0],
					"lmbda": [0.0],
					"features": ["tabular", "dependent", "random-binary", "random-nonbinary"],
					"interest": ["uniform"]
	            },
				{
	                "algorithm": ["etd"],
	                "alpha": [0.5, 0.125, 0.03125, 0.0078125, 0.001953125, 0.00048828125, 0.0001220703125, 3.0517578125e-05, 7.62939453125e-06, 1.9073486328125e-06, 4.76837158203125e-07, 1.1920928955078125e-07],
					"gamma": [1.0],
					"lmbda": [0.0],
					"features": ["tabular", "dependent", "random-binary", "random-nonbinary"],
					"interest": ["uniform"]
	            }
	        ]
	    }
	]
}