{
	"experiments":
	[
	    {
			"experiment": [
				{
					"n_episodes": [100],
					"max_episode_steps": [0],
					"episode_eval_freq": [1],
					"output_dir": ["~/scratch/Chain/Chain5withUniformAndRandomInterest"]
				}
			],
	        "simulator": [
				{
					"env": ["chain"],
					"N": [5]
				}
			],
	        "learner": [
	            {
	                "algorithm": ["td"],
	                "alpha": [0.5, 0.125, 0.03125, 0.0078125, 0.00048828125, 0.00006103515625, 0.000030517578125, 0.0000152587890625, 0.00000762939453125, 0.0000019073486328125, 0.00000095367431640625, 0.00000011920928955078125],
					"gamma": [1.0],
					"lmbda": [0.0],
					"features": ["tabular", "dependent"],
					"interest": ["uniform", "random binary"]
	            },
				{
	                "algorithm": ["etd"],
	                "alpha": [0.0078125, 0.0009765625, 0.0001220703125, 0.000030517578125, 0.0000152587890625, 0.00000762939453125, 0.000003814697265625, 0.00000095367431640625, 0.000000476837158203125, 0.0000002384185791015625, 0.00000011920928955078125, 0.000000059604644775390625, 0.0000000298023223876953125],
					"gamma": [1.0],
					"lmbda": [0.0],
					"features": ["tabular", "dependent"],
					"interest": ["uniform", "random binary"]
	            }
	        ]
	    }
	]
}