{
	"experiments":
	[
	    {
			"experiment": [
				{
					"n_episodes": [100000],
					"max_episode_steps": [0],
					"episode_eval_freq": [1],
					"output_dir": ["/home/plopd/scratch/chain"]
				}
			],
	        "simulator": [
				{
					"env": ["chain"],
					"N": [5, 19]
				}
			],
	        "learner": [
	            {
	                "algorithm": ["td"],
	                "alpha": [0.5, 0.125, 0.03125, 0.015625, 0.0078125, 0.00390625, 0.001953125, 0.00048828125, 0.0001220703125, 0.00006103515625],
					"gamma": [1.0],
					"lmbda": [0.0],
					"features": ["tabular", "dependent", "inverted"],
					"interest": ["uniform"]
	            },
				{
	                "algorithm": ["etd"],
	                "alpha": [0.03125, 0.015625, 0.0078125, 0.00390625, 0.001953125, 0.0009765625, 0.00048828125, 0.000244140625, 0.0001220703125, 0.000030517578125],
					"gamma": [1.0],
					"lmbda": [0.0],
					"features": ["tabular", "dependent", "inverted"],
					"interest": ["uniform"]
	            }
	        ]
	    }
	]
}