{
	"experiment": [
				{
					"problem": ["Chain"],
					"n_episodes": [50000],
					"max_episode_steps": [0],
					"episode_eval_freq": [1],
					"output_dir": ["~/scratch/Chain/ChainDependent"],
					"log_every_nth_episode": [1000]
				}
			],
	"learners_common": [
		{
			"discount_rate": [0.99],
			"trace_decay": [0.0],
			"interest": ["UI"],
			"policy": ["random-chain"],
			"representations": [
						{
							"representations": ["D"]
						}
					]
		}
	],
	"simulator_common": [
		{
			"env": ["Chain"]
		}
	],
	"experiments":
	[
	    {

	        "simulator": [
				{
					"num_states": [5, 19]
				}
			],
	        "learner": [
	            {
					"algorithm": ["TD"],
					"step_size": [9.313225746154786e-11, 3.7252902984619143e-10, 1.4901161193847657e-09, 5.960464477539063e-09, 2.384185791015625e-08, 9.5367431640625e-08, 3.814697265625e-07, 1.52587890625e-06, 6.103515625e-06, 2.44140625e-05, 9.765625e-05, 0.000390625, 0.0015625, 0.00625, 0.025, 0.1]
	            },
				{
					"algorithm": ["ETD"],
					"step_size": [9.313225746154786e-11, 3.7252902984619143e-10, 1.4901161193847657e-09, 5.960464477539063e-09, 2.384185791015625e-08, 9.5367431640625e-08, 3.814697265625e-07, 1.52587890625e-06, 6.103515625e-06, 2.44140625e-05, 9.765625e-05, 0.000390625, 0.0015625, 0.00625, 0.025, 0.1]
	            },
				{
					"algorithm": ["LSTD"]
	            },
				{
					"algorithm": ["ELSTD"]
	            }
	        ]
	    }
	]
}