{
	"experiments":
	[
		{
			"experiment": [
				{
					"n_episodes": [50000],
					"max_episode_steps": [0],
					"episode_eval_freq": [1],
					"output_dir": ["~/scratch/Chain/Chain19Poly"]
				}
			],
	        "simulator": [
				{
					"env": ["chain"],
					"N": [19]
				}
			],
	        "learner": [
	            {
	                "algorithm": ["td", "etd"],
	                "alpha": [0.5, 0.125, 0.03125, 0.0078125, 0.001953125, 0.00048828125, 0.0001220703125, 3.0517578125e-05, 7.62939453125e-06, 1.9073486328125e-06, 4.76837158203125e-07, 1.1920928955078125e-07],
					"gamma": [1.0],
					"lmbda": [0.0],
					"features": [
						{
							"features": ["poly"],
							"order": [5],
							"in_features": [6]
						},
						{
							"features": ["poly"],
							"order": [10],
							"in_features": [11]
						},
						{
							"features": ["poly"],
							"order": [15],
							"in_features": [16]
						}
					],
					"interest": ["uniform"]
	            }
	        ]
	    }
	]
}