{
    "experiment": [
        {
            "episode_eval_freq": [
                1
            ],
            "n_episodes": [
                100000
            ],
            "output_dir": [
                "~/scratch"
            ],
            "problem": [
                "MountainCar"
            ],
            "num_runs": [
                50
            ]
        }
    ],
    "features_common": [
        {
            "max_x": [
                "0.6,0.07"
            ],
            "min_x": [
                "-1.2,-0.07"
            ],
            "representations": [
                "TC"
            ],
            "tiles_per_dim": [
                "4,4"
            ],
            "tilings": [
                5
            ]
        }
    ],
    "learners_common": [
        {
            "algorithm": [
                "TDTileCoding",
                "ETDTileCoding"
            ],
            "discount_rate": [
                1.0
            ],
            "interest": [
                "UI"
            ],
            "policy": [
                "MC-fixed-policy"
            ],
            "step_size": [
                5.9604646e-09,
                1.1920929e-08,
                2.3841858e-08,
                4.7683717e-08,
                9.536743e-08,
                1.9073487e-07,
                3.8146973e-07,
                7.6293946e-07,
                1.5258789e-06,
                3.0517579e-06,
                6.1035157e-06,
                1.2207031e-05,
                2.4414063e-05,
                4.8828126e-05,
                9.765625e-05,
                0.0001953125,
                0.000390625,
                0.00078125,
                0.0015625,
                0.003125,
                0.00625,
                0.0125,
                0.025,
                0.05,
                0.1,
                0.2,
                0.4,
                0.8
            ],
            "trace_decay": [
                0.0
            ]
        }
    ],
    "simulator_common": [
        {
            "env": [
                "MountainCar"
            ]
        }
    ]
}
