{
    "experiment_common": [
        {
            "log_every_nth_episode": [
                100
            ],
            "n_episodes": [
                1000
            ],
            "output_dir": [
                "~/scratch"
            ],
            "problem": [
                "Chain"
            ],
            "runs": [
                100
            ]
        }
    ],
    "learners": [
        {
            "episode_eval_freq": [
                1
            ],
            "learners_baselines": [
                {
                    "algorithm": [
                        "TD",
                        "ETD"
                    ]
                }
            ]
        }
    ],
    "learners_common": [
        {
            "interest": [
                "UI"
            ],
            "policy": [
                "random-chain"
            ]
        }
    ],
    "discount_rates": [
        {
            "discount_rate": [
                0.99
            ],
            "lambdas_step_sizes": [
                {
                    "trace_decay": [
                        0.0
                    ],
                    "step_size": [
                        0.0,
                        0.1,
                        0.2,
                        0.30000000000000004,
                        0.4,
                        0.5,
                        0.6000000000000001,
                        0.7000000000000001,
                        0.8,
                        0.9,
                        1.0,
                        1.1,
                        1.2000000000000002,
                        1.3,
                        1.4000000000000001,
                        1.5,
                        1.6,
                        1.7000000000000002
                    ]
                },
                {
                    "trace_decay": [
                        0.4
                    ],
                    "step_size": [
                        0.0,
                        0.1,
                        0.2,
                        0.30000000000000004,
                        0.4,
                        0.5,
                        0.6000000000000001,
                        0.7000000000000001,
                        0.8,
                        0.9,
                        1.0,
                        1.1,
                        1.2000000000000002,
                        1.3,
                        1.4000000000000001,
                        1.5,
                        1.6,
                        1.7000000000000002
                    ]
                },
                {
                    "trace_decay": [
                        0.8
                    ],
                    "step_size": [
                        0.0,
                        0.09,
                        0.18,
                        0.27,
                        0.36,
                        0.44999999999999996,
                        0.54,
                        0.63,
                        0.72,
                        0.8099999999999999,
                        0.8999999999999999
                    ]
                },
                {
                    "trace_decay": [
                        0.9
                    ],
                    "step_size": [
                        0.0,
                        0.05,
                        0.1,
                        0.15000000000000002,
                        0.2,
                        0.25,
                        0.30000000000000004,
                        0.35000000000000003,
                        0.4,
                        0.45,
                        0.5,
                        0.55,
                        0.6000000000000001
                    ]
                },
                {
                    "trace_decay": [
                        0.95
                    ],
                    "step_size": [
                        0.0,
                        0.03,
                        0.06,
                        0.09,
                        0.12,
                        0.15,
                        0.18,
                        0.21,
                        0.24,
                        0.27,
                        0.3,
                        0.32999999999999996,
                        0.36,
                        0.39,
                        0.42,
                        0.44999999999999996,
                        0.48,
                        0.51
                    ]
                },
                {
                    "trace_decay": [
                        0.975
                    ],
                    "step_size": [
                        0.0,
                        0.02,
                        0.04,
                        0.06,
                        0.08,
                        0.1,
                        0.12,
                        0.14,
                        0.16,
                        0.18,
                        0.2,
                        0.22,
                        0.24,
                        0.26,
                        0.28,
                        0.3
                    ]
                },
                {
                    "trace_decay": [
                        0.99
                    ],
                    "step_size": [
                        0.0,
                        0.01,
                        0.02,
                        0.03,
                        0.04,
                        0.05,
                        0.06,
                        0.07,
                        0.08,
                        0.09,
                        0.1
                    ]
                },
                {
                    "trace_decay": [
                        1
                    ],
                    "step_size": [
                        0.0,
                        0.004,
                        0.008,
                        0.012,
                        0.016,
                        0.02,
                        0.024,
                        0.028,
                        0.032,
                        0.036000000000000004,
                        0.04
                    ]
                }
            ]
        },
        {
            "discount_rate": [
                0.9995
            ],
            "lambdas_step_sizes": [
                {
                    "trace_decay": [
                        0.0
                    ],
                    "step_size": [
                        0.0,
                        0.1,
                        0.2,
                        0.30000000000000004,
                        0.4,
                        0.5,
                        0.6000000000000001,
                        0.7000000000000001,
                        0.8,
                        0.9,
                        1.0,
                        1.1,
                        1.2000000000000002,
                        1.3,
                        1.4000000000000001,
                        1.5,
                        1.6,
                        1.7000000000000002
                    ]
                },
                {
                    "trace_decay": [
                        0.4
                    ],