{
    "experiment_common": [
        {
            "episode_eval_freq": [
                1
            ],
            "n_episodes": [
                50000
            ],
            "output_dir": [
                "~/scratch"
            ],
            "problem": [
                "RandomWalk"
            ],
            "num_runs": [
                60
            ]
        }
    ],
    "learners": [
        {
            "algorithm": [
                "TD",
                "ETD"
            ],
            "step_size": [
                7.6293946e-07,
                1.5258789e-06,
                3.0517579e-06,
                6.1035157e-06,
                1.2207031e-05,
                2.4414063e-05,
                4.8828126e-05,
                9.765625e-05,
                0.0001953125,
                0.000390625,
                0.00078125,
                0.0015625,
                0.003125,
                0.00625,
                0.0125,
                0.025,
                0.05,
                0.1,
                0.2,
                0.4,
                0.6,
                0.8,
                1.0,
                1.2,
                1.4
            ]
        }
    ],
    "learners_common": [
        {
            "discount_rate": [
                0.99
            ],
            "interest": [
                "UI"
            ],
            "policy": [
                "random-chain"
            ],
            "trace_decay": [
                0.0
            ]
        }
    ],
    "representations_common": [
        {
            "representations": [
                "TA"
            ]
        }
    ],
    "simulator": [
        {
            "num_states": [
                5,
                19
            ]
        }
    ],
    "simulator_common": [
        {
            "env": [
                "RandomWalk"
            ]
        }
    ]
}
